[

  {
    "text": "ب",
    "audio": "assets/audio/ba.mp3"
  },
  {
  "text": "أ",
  "audio": "assets/audio/alf.mp3"
},

  {
    "text": "ث",
    "audio": "assets/audio/tha.mp3"
  },
  {
  "text": "ت",
  "audio": "assets/audio/ta.mp3"
},

  {
    "text": "ح",
    "audio": "assets/audio/7a2.mp3"
  },
  {
  "text": "ج",
  "audio": "assets/audio/Geem.mp3"
},
  {
    "text": "د",
    "audio": " "
  },

  {
    "text": "خ",
    "audio": " "
  },

  {
    "text": "ر",
    "audio": " "
  },
  {
  "text": "ذ",
  "audio": " "
},
  {
    "text": "س",
    "audio": " "
  },
  {
    "text": "ز",
    "audio": " "
  },
  {
    "text": "ص",
    "audio": " "
  },
  {
    "text": "ش",
    "audio": " "
  },
  {
    "text": "ط",
    "audio": " "
  },
  {
    "text": "ض",
    "audio": " "
  },
  {
    "text": "ع",
    "audio": " "
  },
  {
    "text": "ظ",
    "audio": " "
  },
  {
    "text": "ق",
    "audio": " "
  },
  {
    "text": "غ",
    "audio": " "
  },
  {
    "text": "ل",
    "audio": " "
  },
  {
    "text": "ك",
    "audio": " "
  },
  {
    "text": "ن",
    "audio": " "
  },
  {
    "text": "م",
    "audio": " "
  },
  {
    "text": "و",
    "audio": " "
  }
,
  {
    "text": "هـ",
    "audio": " "
  },
  {
    "text": "ي",
    "audio": " "
  },
  {
    "text": "ء",
    "audio": " "
  }
]
