[

  {
    "text": "بـَ",
    "audio": "assets/audio/b1.mp3"
  },
  {
    "text": "أَ",

    "audio": "assets/audio/a1.mp3"
  },

  {
    "text": "ثـَ",
    "audio": " "
  },
  {
    "text": "تـَ",
    "audio": "assets/audio/t1.mp3"
  },

  {
    "text": "حـَ",
    "audio": ""
  },
  {
    "text": "جـَ",
    "audio": ""
  },
  {
    "text":"دَ",
    "audio": " "
  },

  {
    "text": "خـَ",
    "audio": " "
  },

  {
    "text": "رَ",
    "audio": " "
  },
  {
    "text": "ذَ",
    "audio": " "
  },
  {
    "text": "سـَ",
    "audio": " "
  },

  {
    "text": "زَ",
    "audio": " "
  },
  {
    "text": "صـَ",
    "audio": " "
  },
  {
    "text": "شـَ",
    "audio": " "
  },
  {
    "text": "طَ",
    "audio": " "
  },
  {
    "text": "ضَـ",
    "audio": " "
  },
  {
    "text": "عـَ",
    "audio": " "
  },
  {
    "text": "ظَ",
    "audio": " "
  },
  {
    "text": "قـَ",
    "audio": " "
  },
  {
    "text": "غـَ",
    "audio": " "
  },
  {
    "text": "لـَ",
    "audio": " "
  },
  {
    "text": "كـَ",
    "audio": " "
  },
  {
    "text": "نـَ",
    "audio": " "
  },
  {
    "text": "مـَ",
    "audio": " "
  },
  {
    "text": "وَ",
    "audio": " "
  }
,
  {
    "text": "هـَ",
    "audio": " "
  },
  {
    "text": "يـَ",
    "audio": " "
  },
  {
    "text": "ءَ",
    "audio": " "
  }
]
