[
  {
    "number": "1",
    "word": "One",
    "audio": "assets/audio/kid-1.mp3"
  },
  {
    "number": "2",
    "word": "Two",
    "audio": "assets/audio/kid-2.mp3"
  },
  {
    "number": "3",
    "word": "Three",
    "audio": "assets/audio/kid-3.mp3"
  },
  {
    "number": "4",
    "word": "Four",
    "audio": "assets/audio/kid-4.mp3"
  },
  {
    "number": "5",
    "word": "Five",
    "audio": "assets/audio/kid-5.mp3"
  },
  {
    "number": "6",
    "word": "Six",
    "audio": "assets/audio/kid-6.mp3"
  },
  {
    "number": "7",
    "word": "Seven",
    "audio": "assets/audio/kid-7.mp3"
  },
  {
    "number": "8",
    "word": "Eight",
    "audio": "assets/audio/kid-8.mp3"
  },
  {
    "number": "9",
    "word": "Nine",
    "audio": "assets/audio/kid-9.mp3"
  },
  {
    "number": "10",
    "word": "Ten",
    "audio": "assets/audio/kid-10.mp3"
  }
]
